,id,title,chunk_index,vector_len,vector_first5
0,06d37e3b-9bc1-47cd-bac9-392994ca3ab5,Cybersecurity_Training_Ransomware.pdf,1,768,"[0.06773619, 0.056521013, -0.19905856, 0.014773274, 0.08475484]"
1,0f9e0bea-dd46-4d3c-82f3-43f03b0030c0,Cybersecurity_Training_Ransomware.pdf,5,768,"[0.026307277, 0.017821979, -0.16595621, -0.011997382, 0.11071703]"
2,1c6577d5-0d3d-45cd-a366-9c7e01a60538,Cybersecurity_Training_Ransomware.pdf,6,768,"[0.039296124, 0.05532041, -0.15595226, -0.0017700236, 0.119808026]"
3,387baf21-69be-4296-9568-17eebe634d66,Cybersecurity_Training_Ransomware.pdf,2,768,"[0.08304324, 0.07896541, -0.1733707, -0.0067934366, 0.08570186]"
4,b12e560f-42c3-4541-a396-021daebab517,Cybersecurity_Training_Ransomware.pdf,3,768,"[0.0859295, 0.05789912, -0.17754057, -0.014736601, 0.05566841]"
5,dc099bd9-158a-4113-a99f-75f26c449420,Cybersecurity_Training_Ransomware.pdf,0,768,"[0.048540972, 0.10065548, -0.1703623, 0.001924515, 0.0882004]"
6,e72e549b-99c2-4bf4-8c4e-2528b916b007,Cybersecurity_Training_Ransomware.pdf,4,768,"[0.07684663, 0.035229255, -0.16725506, -0.0052209822, 0.08438675]"
