{
  "vector": [-0.06395222, 0.07830348, -0.17852479, …],
  "limit": 5
}
